{
  "amount of concepts": 8,
  "amount of classes": 10,
  "amount of samples": 500,
  "samples per class": 50,
  "total patches": 12500,
  "patch_size": 7,
  "training acc": 0.46660714285714283,
  "train acc": 0.46242856979370117,
  "test acc": 0.46542856097221375,
  "train auroc": 0.8383221626281738,
  "test auroc": 0.8383861780166626,
  "avg non zero concept ratio": 0.37289285714285714,
  "learning rate": 0.01,
  "lambda gate": 0,
  "lambda w": 0,
  "epochs": 5,
  "dropout p": 0.0,
  "scale mode": "learn",
  "bias mode": "learn",
  "multilabel": false,
  "normalize": true,
  "k": -1
}