{
  "amount of concepts": 9,
  "amount of classes": 10,
  "amount of samples": 500,
  "samples per class": 50,
  "total patches": 8400,
  "patch_size": 7,
  "training acc": 0.7650535714285714,
  "train acc": 0.7110357284545898,
  "test acc": 0.7020000219345093,
  "train auroc": 0.9337784647941589,
  "test auroc": 0.9237790107727051,
  "avg non zero concept ratio": 0.6927777810777936,
  "learning rate": 0.01,
  "lambda gate": 0,
  "lambda w": 0,
  "dropout p": 0.0,
  "scale mode": "learn",
  "bias mode": "learn",
  "multilabel": false,
  "normalize": true,
  "k": -1
}